"EXAMPLE_ID";"EXAMPLE_SENTENCE";"EXAMPLE_SENTENCE_JPN"
"00001";"Hvor gammel er du?";"何歳ですか？"
"00002";"Han er eldre enn meg.";"彼は私より年上です。"
"00003";"Dette eplet er for gammelt.";"このりんごは古すぎます。"
"00004";"Alt var så mye bedre i gamle dager.";"昔は何もかも良かった。"
"00005";"Verdens eldste mann hadde sju barn, 14 barnebarn, 25 tippoldebarn og 14 tipptippoldebarn.";"世界で最高齢の男性は、7人の子ども、14人の孫、25人の曾孫、14人の玄孫がいました。"
"00006";"Barnet mitt liker japansk musikk.";"私の子どもは日本の音楽が好きです。"
"00007";"Jeg har studert japansk før.";"私は以前、日本語を勉強したことがあります。"
